{"roofs": {"memory": [[[0, 9.838265740723973], [0, 556.376903422]], [[0, 0.31638359367571434], [0, 556.376903422]], [[0, 1.3484893862708176], [0, 556.376903422]], [[0, 1.2249793371231947], [0, 556.376903422]], [[0, 3.9163830500571932], [0, 556.376903422]], [[0, 2.84078599338709], [0, 556.376903422]], [[0, 4.195880853106829], [0, 556.376903422]]], "compute": [[[0.31638359367571434, 32], [556.376903422, 556.376903422]], [[0.08078938661892396, 32], [142.072312392, 142.072312392]]]}, "overview": {"total_ai": 0.4714873487327801, "total_gflops": 33.36163258720438}}