{"roofs": {"memory": [[[0, 10.043209667050444], [0, 568.488557626]], [[0, 0.3480313913581085], [0, 568.488557626]], [[0, 1.3833104045420321], [0, 568.488557626]], [[0, 1.2339037538243158], [0, 568.488557626]], [[0, 3.9999180140742427], [0, 568.488557626]], [[0, 2.8076815725400515], [0, 568.488557626]], [[0, 4.326036584278998], [0, 568.488557626]]], "compute": [[[0.3480313913581085, 32], [568.488557626, 568.488557626]], [[0.08702454108430065, 32], [142.149406828, 142.149406828]]]}, "overview": {"total_ai": 0.4714873487327801, "total_gflops": 50.00624086816095}}