{"roofs": {"memory": [[[0, 10.239147722745471], [0, 570.455405501]], [[0, 0.3359252998311069], [0, 570.455405501]], [[0, 1.3904822540864243], [0, 570.455405501]], [[0, 1.2685757209375519], [0, 570.455405501]], [[0, 4.133030552447605], [0, 570.455405501]], [[0, 2.8810328103103706], [0, 570.455405501]], [[0, 4.317105786722284], [0, 570.455405501]]], "compute": [[[0.3359252998311069, 32], [570.455405501, 570.455405501]], [[0.08382893721093002, 32], [142.355072373, 142.355072373]]]}, "overview": {"total_ai": 0.46157431392801956, "total_gflops": 41.14182651658285}}