{"roofs": {"memory": [[[0, 10.042104946866154], [0, 567.124625793]], [[0, 0.32281001071870835], [0, 567.124625793]], [[0, 1.397090542633426], [0, 567.124625793]], [[0, 1.2726020439603696], [0, 567.124625793]], [[0, 4.173396357216591], [0, 567.124625793]], [[0, 2.801598168999092], [0, 567.124625793]], [[0, 4.171096865895156], [0, 567.124625793]]], "compute": [[[0.32281001071870835, 32], [567.124625793, 567.124625793]], [[0.07938516414409519, 32], [139.466807143, 139.466807143]]]}, "overview": {"total_ai": 0.4714873487327801, "total_gflops": 34.1002325221859}}