{"roofs": {"memory": [[[0, 10.048214074440045], [0, 566.401163217]], [[0, 0.32941926554118744], [0, 566.401163217]], [[0, 1.4158476683664405], [0, 566.401163217]], [[0, 1.2443444952065132], [0, 566.401163217]], [[0, 3.9812243222283934], [0, 566.401163217]], [[0, 2.679794647632411], [0, 566.401163217]], [[0, 4.201657222191908], [0, 566.401163217]]], "compute": [[[0.32941926554118744, 32], [566.401163217, 566.401163217]], [[0.08142873349483178, 32], [140.00799041, 140.00799041]]]}, "overview": {"total_ai": 0.471487353924746, "total_gflops": 41.1003748608823}}