{"roofs": {"memory": [[[0, 10.044770377496254], [0, 565.556228747]], [[0, 0.3251398653506436], [0, 565.556228747]], [[0, 1.385194513137451], [0, 565.556228747]], [[0, 1.2288691632912316], [0, 565.556228747]], [[0, 3.9765711623042126], [0, 565.556228747]], [[0, 2.725070312805007], [0, 565.556228747]], [[0, 4.198971247983363], [0, 565.556228747]]], "compute": [[[0.3251398653506436, 32], [565.556228747, 565.556228747]], [[0.0817139523921172, 32], [142.135246015, 142.135246015]]]}, "overview": {"total_ai": 0.46157430900083685, "total_gflops": 46.574790645791346}}