Threads,Devito
(1, [0.002208000000000001, 0.0015280000000000005, 0.001472999999999999, 0.0014539999999999993, 0.0014550000000000001, 0.0014470000000000006, 0.0014360000000000002, 0.0014630000000000003, 0.0014350000000000005, 0.0014530000000000003])
(2, [0.001522, 0.0015039999999999995, 0.0014729999999999997, 0.0014929999999999998, 0.0014839999999999999, 0.0014829999999999997, 0.0015129999999999996, 0.001486, 0.0014979999999999995, 0.0014999999999999998])
(4, [0.0015759999999999997, 0.0015019999999999999, 0.00148, 0.0015100000000000005, 0.00151, 0.0014810000000000001, 0.001476, 0.0014740000000000003, 0.0014750000000000004, 0.001494])
(8, [0.0011560000000000016, 0.0010660000000000018, 0.0010360000000000015, 0.0009800000000000013, 0.000964000000000001, 0.0009510000000000009, 0.000979000000000001, 0.000983000000000001, 0.001011000000000001, 0.0009460000000000007])
(16, [0.001254000000000001, 0.0010400000000000016, 0.0007709999999999986, 0.0007799999999999987, 0.0007919999999999987, 0.0007839999999999987, 0.0007859999999999987, 0.0007809999999999985, 0.0007969999999999987, 0.0007849999999999986])
(32, [0.0025570000000000007, 0.002603000000000002, 0.0027170000000000015, 0.002355000000000001, 0.0023100000000000004, 0.0024140000000000016, 0.0023169999999999996, 0.0030670000000000007, 0.002312000000000001, 0.002300000000000001])
