{"results": {"acoustic.IsotropicAcoustic.time_forward": {"result": [10.048830072999976], "stats": [{"ci_99": [9.897890974920044, 10.24357851341329], "q_25": 9.989303307000029, "q_75": 10.145847516499998, "min": 9.940141186999995, "max": 10.238959416, "mean": 10.070734744166666, "std": 0.10523633722013269, "repeat": 6, "number": 1}], "params": [["(492, 492, 492)"], ["12"]]}, "codegen.TTI.time_adjoint": {"result": [24.841868319500037], "stats": [{"ci_99": [23.217776394500532, 26.46596024449954], "q_25": 24.825627400250042, "q_75": 24.858109238750032, "min": 24.809386481000047, "max": 24.874350158000027, "mean": 24.841868319500037, "std": 0.03248183849999009, "repeat": 2, "number": 1}]}, "codegen.TTI.time_forward": {"result": [10.007222845500024], "stats": [{"ci_99": [0.19658167049905728, 19.817864020500984], "q_25": 9.909116433750015, "q_75": 10.105329257250034, "min": 9.811010022000005, "max": 10.203435669000044, "mean": 10.007222845500024, "std": 0.19621282350001934, "repeat": 2, "number": 1}]}, "simple_operators.time_basic": {"result": [1.6005811304999895], "stats": [{"ci_99": [1.5811559207345, 1.6135280059321413], "q_25": 1.5897163125000162, "q_75": 1.6051474537499928, "min": 1.5820974229999365, "max": 1.6080278279999902, "mean": 1.5973419633333208, "std": 0.009685768128311284, "repeat": 6, "number": 1}]}, "simple_operators.time_gaussian_smoother": {"result": [1.1022327969999424], "stats": [{"ci_99": [1.0736268876434758, 1.134609948689823], "q_25": 1.0884040657499838, "q_75": 1.1173067480000185, "min": 1.0826659089999566, "max": 1.1314531190000139, "mean": 1.1041184181666495, "std": 0.017901634642623156, "repeat": 6, "number": 1}]}, "simple_operators.time_laplacian": {"result": [1.8202744639999935], "stats": [{"ci_99": [1.8052873340000133, 1.8326182201087857], "q_25": 1.8144242065000071, "q_75": 1.8245667562500074, "min": 1.8052873340000133, "max": 1.8308551310000212, "mean": 1.8191938390000075, "std": 0.00837033078903583, "repeat": 6, "number": 1}]}, "simple_operators.time_norm": {"result": [0.4416448169999967], "stats": [{"ci_99": [0.4323105677319592, 0.4581243580000205], "q_25": 0.43875829600006, "q_75": 0.4443425224999942, "min": 0.4346813160000238, "max": 0.4581243580000205, "mean": 0.44318886466668533, "std": 0.007451847878530928, "repeat": 6, "number": 1}]}}, "params": {"arch": "x86-64", "cpu": "IntelXeon8168", "machine": "F8s_v2", "num_cpu": "8", "os": "ubuntu-18.04", "ram": "16GB", "python": "3.6"}, "requirements": {}, "commit_hash": "56ce8c5912bb62c22d1ac49be57d60e554295103", "date": 1589267595000, "env_name": "conda-py3.6", "python": "3.6", "profiles": {}, "started_at": {"acoustic.IsotropicAcoustic.time_forward": 1589268164044, "codegen.TTI.time_adjoint": 1589268211448, "codegen.TTI.time_forward": 1589268276900, "simple_operators.time_basic": 1589268311803, "simple_operators.time_gaussian_smoother": 1589268318323, "simple_operators.time_laplacian": 1589268322886, "simple_operators.time_norm": 1589268330264}, "ended_at": {"acoustic.IsotropicAcoustic.time_forward": 1589268211446, "codegen.TTI.time_adjoint": 1589268276899, "codegen.TTI.time_forward": 1589268311801, "simple_operators.time_basic": 1589268318322, "simple_operators.time_gaussian_smoother": 1589268322885, "simple_operators.time_laplacian": 1589268330264, "simple_operators.time_norm": 1589268332174}, "benchmark_version": {"acoustic.IsotropicAcoustic.time_forward": "f8ca35d4df15942c3d0503d30af68493596ed84c3960fc10c4d50b767e79196f", "codegen.TTI.time_adjoint": "792c265ef3a829b1d897ea464b5694e2b3529736fd92aedcb7713714b6aad671", "codegen.TTI.time_forward": "2edfcba3adca42090ac1dc38625050a7c78bad56fe1b3a4e24b71957ffc758a5", "simple_operators.time_basic": "19da0630eea256a3d1f0809a124e82601ddb1967a7c8719ea5886f0ab6d6708f", "simple_operators.time_gaussian_smoother": "7abb634ac37c967e173f4450f9dc1090a382e2bc61d798a300ce63502b4c9866", "simple_operators.time_laplacian": "c4d5e7a640a02bc53f2cb9d04a424c0bdc8f5b45d1e171c987c80c8e5c9066f9", "simple_operators.time_norm": "09ab2f25734f0c8be412feb02f7c5e174c068bee3b0b7fcaddc93351240eae29"}, "version": 1}